"Statistic Label","Year","Item","UNIT","VALUE"
"Expenditure on Gross National Income at Constant Market Prices","1995","92. Personal consumption of goods and services - ESA code (P.3)","Euro Million","53686"
"Expenditure on Gross National Income at Constant Market Prices","1995","92a Final consumption expenditure of Households and NPISHs","Euro Million","52880"
"Expenditure on Gross National Income at Constant Market Prices","1995","92b Final consumption expenditure of government","Euro Million","888"
"Expenditure on Gross National Income at Constant Market Prices","1995","93. Net expenditure by central and local government on current goods and services - ESA code (P.3)","Euro Million","20570"
"Expenditure on Gross National Income at Constant Market Prices","1995","94. Gross domestic fixed capital formation - ESA code (P.51)","Euro Million","21632"
"Expenditure on Gross National Income at Constant Market Prices","1995","95. Value of physical changes in stocks and net acquisitions of valuables - ESA code (P.52 & P.53)","Euro Million","479"
"Expenditure on Gross National Income at Constant Market Prices","1995","95a Net additions to the breeding stocks","Euro Million",""
"Expenditure on Gross National Income at Constant Market Prices","1995","96. Exports of goods and services (excluding factor income flows) - ESA code (P.6)","Euro Million","56087"
"Expenditure on Gross National Income at Constant Market Prices","1995","97. Imports of goods and services (excluding factor income flows) - ESA code (P.7)","Euro Million","-50798"
"Expenditure on Gross National Income at Constant Market Prices","1995","98. Statistical discrepancy","Euro Million",""
"Expenditure on Gross National Income at Constant Market Prices","1995","99. Gross domestic product at constant market prices - ESA code (B.1*g)","Euro Million","109182"
"Expenditure on Gross National Income at Constant Market Prices","1995","100. Net factor income from the rest of the world - ESA code (D.1 & D.4) (net to abroad)","Euro Million","-7705"
"Expenditure on Gross National Income at Constant Market Prices","1995","101. Gross national product at constant market prices","Euro Million","106442"
"Expenditure on Gross National Income at Constant Market Prices","1995","102. EU subsidies - ESA code (D.3)","Euro Million","3034"
"Expenditure on Gross National Income at Constant Market Prices","1995","103. EU taxes - ESA code (D.2)","Euro Million","-458"
"Expenditure on Gross National Income at Constant Market Prices","1995","104. Gross national income at constant market prices - ESA code (B.5*g)","Euro Million","108935"
"Expenditure on Gross National Income at Constant Market Prices","1995","104.1 Provision for depreciation - ESA code (P.51c)","Euro Million","-11183"
"Expenditure on Gross National Income at Constant Market Prices","1995","104.2 Net national income at constant market prices - ESA code (B.5*n)","Euro Million","102087"
"Expenditure on Gross National Income at Constant Market Prices","1996","92. Personal consumption of goods and services - ESA code (P.3)","Euro Million","57452"
"Expenditure on Gross National Income at Constant Market Prices","1996","92a Final consumption expenditure of Households and NPISHs","Euro Million","56512"
"Expenditure on Gross National Income at Constant Market Prices","1996","92b Final consumption expenditure of government","Euro Million","1033"
"Expenditure on Gross National Income at Constant Market Prices","1996","93. Net expenditure by central and local government on current goods and services - ESA code (P.3)","Euro Million","21163"
"Expenditure on Gross National Income at Constant Market Prices","1996","94. Gross domestic fixed capital formation - ESA code (P.51)","Euro Million","25185"
"Expenditure on Gross National Income at Constant Market Prices","1996","95. Value of physical changes in stocks and net acquisitions of valuables - ESA code (P.52 & P.53)","Euro Million","517"
"Expenditure on Gross National Income at Constant Market Prices","1996","95a Net additions to the breeding stocks","Euro Million",""
"Expenditure on Gross National Income at Constant Market Prices","1996","96. Exports of goods and services (excluding factor income flows) - ESA code (P.6)","Euro Million","63054"
"Expenditure on Gross National Income at Constant Market Prices","1996","97. Imports of goods and services (excluding factor income flows) - ESA code (P.7)","Euro Million","-57323"
"Expenditure on Gross National Income at Constant Market Prices","1996","98. Statistical discrepancy","Euro Million",""
"Expenditure on Gross National Income at Constant Market Prices","1996","99. Gross domestic product at constant market prices - ESA code (B.1*g)","Euro Million","117240"
"Expenditure on Gross National Income at Constant Market Prices","1996","100. Net factor income from the rest of the world - ESA code (D.1 & D.4) (net to abroad)","Euro Million","-8515"
"Expenditure on Gross National Income at Constant Market Prices","1996","101. Gross national product at constant market prices","Euro Million","113891"
"Expenditure on Gross National Income at Constant Market Prices","1996","102. EU subsidies - ESA code (D.3)","Euro Million","3834"
"Expenditure on Gross National Income at Constant Market Prices","1996","103. EU taxes - ESA code (D.2)","Euro Million","-408"
"Expenditure on Gross National Income at Constant Market Prices","1996","104. Gross national income at constant market prices - ESA code (B.5*g)","Euro Million","117326"
"Expenditure on Gross National Income at Constant Market Prices","1996","104.1 Provision for depreciation - ESA code (P.51c)","Euro Million","-11885"
"Expenditure on Gross National Income at Constant Market Prices","1996","104.2 Net national income at constant market prices - ESA code (B.5*n)","Euro Million","110161"
"Expenditure on Gross National Income at Constant Market Prices","1997","92. Personal consumption of goods and services - ESA code (P.3)","Euro Million","61551"
"Expenditure on Gross National Income at Constant Market Prices","1997","92a Final consumption expenditure of Households and NPISHs","Euro Million","60396"
"Expenditure on Gross National Income at Constant Market Prices","1997","92b Final consumption expenditure of government","Euro Million","1266"
"Expenditure on Gross National Income at Constant Market Prices","1997","93. Net expenditure by central and local government on current goods and services - ESA code (P.3)","Euro Million","22400"
"Expenditure on Gross National Income at Constant Market Prices","1997","94. Gross domestic fixed capital formation - ESA code (P.51)","Euro Million","29166"
"Expenditure on Gross National Income at Constant Market Prices","1997","95. Value of physical changes in stocks and net acquisitions of valuables - ESA code (P.52 & P.53)","Euro Million","995"
"Expenditure on Gross National Income at Constant Market Prices","1997","95a Net additions to the breeding stocks","Euro Million",""
"Expenditure on Gross National Income at Constant Market Prices","1997","96. Exports of goods and services (excluding factor income flows) - ESA code (P.6)","Euro Million","74119"
"Expenditure on Gross National Income at Constant Market Prices","1997","97. Imports of goods and services (excluding factor income flows) - ESA code (P.7)","Euro Million","-66863"
"Expenditure on Gross National Income at Constant Market Prices","1997","98. Statistical discrepancy","Euro Million",""
"Expenditure on Gross National Income at Constant Market Prices","1997","99. Gross domestic product at constant market prices - ESA code (B.1*g)","Euro Million","130161"
"Expenditure on Gross National Income at Constant Market Prices","1997","100. Net factor income from the rest of the world - ESA code (D.1 & D.4) (net to abroad)","Euro Million","-10372"
"Expenditure on Gross National Income at Constant Market Prices","1997","101. Gross national product at constant market prices","Euro Million","124946"
"Expenditure on Gross National Income at Constant Market Prices","1997","102. EU subsidies - ESA code (D.3)","Euro Million","3337"
"Expenditure on Gross National Income at Constant Market Prices","1997","103. EU taxes - ESA code (D.2)","Euro Million","-413"
"Expenditure on Gross National Income at Constant Market Prices","1997","104. Gross national income at constant market prices - ESA code (B.5*g)","Euro Million","127799"
"Expenditure on Gross National Income at Constant Market Prices","1997","104.1 Provision for depreciation - ESA code (P.51c)","Euro Million","-12769"
"Expenditure on Gross National Income at Constant Market Prices","1997","104.2 Net national income at constant market prices - ESA code (B.5*n)","Euro Million","120230"
"Expenditure on Gross National Income at Constant Market Prices","1998","92. Personal consumption of goods and services - ESA code (P.3)","Euro Million","66703"
"Expenditure on Gross National Income at Constant Market Prices","1998","92a Final consumption expenditure of Households and NPISHs","Euro Million","65190"
"Expenditure on Gross National Income at Constant Market Prices","1998","92b Final consumption expenditure of government","Euro Million","1658"
"Expenditure on Gross National Income at Constant Market Prices","1998","93. Net expenditure by central and local government on current goods and services - ESA code (P.3)","Euro Million","23786"
"Expenditure on Gross National Income at Constant Market Prices","1998","94. Gross domestic fixed capital formation - ESA code (P.51)","Euro Million","33086"
"Expenditure on Gross National Income at Constant Market Prices","1998","95. Value of physical changes in stocks and net acquisitions of valuables - ESA code (P.52 & P.53)","Euro Million","1510"
"Expenditure on Gross National Income at Constant Market Prices","1998","95a Net additions to the breeding stocks","Euro Million",""
"Expenditure on Gross National Income at Constant Market Prices","1998","96. Exports of goods and services (excluding factor income flows) - ESA code (P.6)","Euro Million","90996"
"Expenditure on Gross National Income at Constant Market Prices","1998","97. Imports of goods and services (excluding factor income flows) - ESA code (P.7)","Euro Million","-85435"
"Expenditure on Gross National Income at Constant Market Prices","1998","98. Statistical discrepancy","Euro Million",""
"Expenditure on Gross National Income at Constant Market Prices","1998","99. Gross domestic product at constant market prices - ESA code (B.1*g)","Euro Million","141572"
"Expenditure on Gross National Income at Constant Market Prices","1998","100. Net factor income from the rest of the world - ESA code (D.1 & D.4) (net to abroad)","Euro Million","-12230"
"Expenditure on Gross National Income at Constant Market Prices","1998","101. Gross national product at constant market prices","Euro Million","134403"
"Expenditure on Gross National Income at Constant Market Prices","1998","102. EU subsidies - ESA code (D.3)","Euro Million","3227"
"Expenditure on Gross National Income at Constant Market Prices","1998","103. EU taxes - ESA code (D.2)","Euro Million","-371"
"Expenditure on Gross National Income at Constant Market Prices","1998","104. Gross national income at constant market prices - ESA code (B.5*g)","Euro Million","137171"
"Expenditure on Gross National Income at Constant Market Prices","1998","104.1 Provision for depreciation - ESA code (P.51c)","Euro Million","-13897"
"Expenditure on Gross National Income at Constant Market Prices","1998","104.2 Net national income at constant market prices - ESA code (B.5*n)","Euro Million","128792"
"Expenditure on Gross National Income at Constant Market Prices","1999","92. Personal consumption of goods and services - ESA code (P.3)","Euro Million","72997"
"Expenditure on Gross National Income at Constant Market Prices","1999","92a Final consumption expenditure of Households and NPISHs","Euro Million","71373"
"Expenditure on Gross National Income at Constant Market Prices","1999","92b Final consumption expenditure of government","Euro Million","1780"
"Expenditure on Gross National Income at Constant Market Prices","1999","93. Net expenditure by central and local government on current goods and services - ESA code (P.3)","Euro Million","25127"
"Expenditure on Gross National Income at Constant Market Prices","1999","94. Gross domestic fixed capital formation - ESA code (P.51)","Euro Million","37743"
"Expenditure on Gross National Income at Constant Market Prices","1999","95. Value of physical changes in stocks and net acquisitions of valuables - ESA code (P.52 & P.53)","Euro Million","587"
"Expenditure on Gross National Income at Constant Market Prices","1999","95a Net additions to the breeding stocks","Euro Million",""
"Expenditure on Gross National Income at Constant Market Prices","1999","96. Exports of goods and services (excluding factor income flows) - ESA code (P.6)","Euro Million","105348"
"Expenditure on Gross National Income at Constant Market Prices","1999","97. Imports of goods and services (excluding factor income flows) - ESA code (P.7)","Euro Million","-96214"
"Expenditure on Gross National Income at Constant Market Prices","1999","98. Statistical discrepancy","Euro Million",""
"Expenditure on Gross National Income at Constant Market Prices","1999","99. Gross domestic product at constant market prices - ESA code (B.1*g)","Euro Million","156479"
"Expenditure on Gross National Income at Constant Market Prices","1999","100. Net factor income from the rest of the world - ESA code (D.1 & D.4) (net to abroad)","Euro Million","-15724"
"Expenditure on Gross National Income at Constant Market Prices","1999","101. Gross national product at constant market prices","Euro Million","145288"
"Expenditure on Gross National Income at Constant Market Prices","1999","102. EU subsidies - ESA code (D.3)","Euro Million","2958"
"Expenditure on Gross National Income at Constant Market Prices","1999","103. EU taxes - ESA code (D.2)","Euro Million","-325"
"Expenditure on Gross National Income at Constant Market Prices","1999","104. Gross national income at constant market prices - ESA code (B.5*g)","Euro Million","147827"
"Expenditure on Gross National Income at Constant Market Prices","1999","104.1 Provision for depreciation - ESA code (P.51c)","Euro Million","-15296"
"Expenditure on Gross National Income at Constant Market Prices","1999","104.2 Net national income at constant market prices - ESA code (B.5*n)","Euro Million","138377"
"Expenditure on Gross National Income at Constant Market Prices","2000","92. Personal consumption of goods and services - ESA code (P.3)","Euro Million","80699"
"Expenditure on Gross National Income at Constant Market Prices","2000","92a Final consumption expenditure of Households and NPISHs","Euro Million","78793"
"Expenditure on Gross National Income at Constant Market Prices","2000","92b Final consumption expenditure of government","Euro Million","2088"
"Expenditure on Gross National Income at Constant Market Prices","2000","93. Net expenditure by central and local government on current goods and services - ESA code (P.3)","Euro Million","27065"
"Expenditure on Gross National Income at Constant Market Prices","2000","94. Gross domestic fixed capital formation - ESA code (P.51)","Euro Million","39650"
"Expenditure on Gross National Income at Constant Market Prices","2000","95. Value of physical changes in stocks and net acquisitions of valuables - ESA code (P.52 & P.53)","Euro Million","1120"
"Expenditure on Gross National Income at Constant Market Prices","2000","95a Net additions to the breeding stocks","Euro Million",""
"Expenditure on Gross National Income at Constant Market Prices","2000","96. Exports of goods and services (excluding factor income flows) - ESA code (P.6)","Euro Million","127669"
"Expenditure on Gross National Income at Constant Market Prices","2000","97. Imports of goods and services (excluding factor income flows) - ESA code (P.7)","Euro Million","-117079"
"Expenditure on Gross National Income at Constant Market Prices","2000","98. Statistical discrepancy","Euro Million",""
"Expenditure on Gross National Income at Constant Market Prices","2000","99. Gross domestic product at constant market prices - ESA code (B.1*g)","Euro Million","171193"
"Expenditure on Gross National Income at Constant Market Prices","2000","100. Net factor income from the rest of the world - ESA code (D.1 & D.4) (net to abroad)","Euro Million","-17387"
"Expenditure on Gross National Income at Constant Market Prices","2000","101. Gross national product at constant market prices","Euro Million","158666"
"Expenditure on Gross National Income at Constant Market Prices","2000","102. EU subsidies - ESA code (D.3)","Euro Million","2835"
"Expenditure on Gross National Income at Constant Market Prices","2000","103. EU taxes - ESA code (D.2)","Euro Million","-351"
"Expenditure on Gross National Income at Constant Market Prices","2000","104. Gross national income at constant market prices - ESA code (B.5*g)","Euro Million","161048"
"Expenditure on Gross National Income at Constant Market Prices","2000","104.1 Provision for depreciation - ESA code (P.51c)","Euro Million","-16796"
"Expenditure on Gross National Income at Constant Market Prices","2000","104.2 Net national income at constant market prices - ESA code (B.5*n)","Euro Million","150571"
"Expenditure on Gross National Income at Constant Market Prices","2001","92. Personal consumption of goods and services - ESA code (P.3)","Euro Million","84672"
"Expenditure on Gross National Income at Constant Market Prices","2001","92a Final consumption expenditure of Households and NPISHs","Euro Million","82523"
"Expenditure on Gross National Income at Constant Market Prices","2001","92b Final consumption expenditure of government","Euro Million","2350"
"Expenditure on Gross National Income at Constant Market Prices","2001","93. Net expenditure by central and local government on current goods and services - ESA code (P.3)","Euro Million","29727"
"Expenditure on Gross National Income at Constant Market Prices","2001","94. Gross domestic fixed capital formation - ESA code (P.51)","Euro Million","41958"
"Expenditure on Gross National Income at Constant Market Prices","2001","95. Value of physical changes in stocks and net acquisitions of valuables - ESA code (P.52 & P.53)","Euro Million","439"
"Expenditure on Gross National Income at Constant Market Prices","2001","95a Net additions to the breeding stocks","Euro Million",""
"Expenditure on Gross National Income at Constant Market Prices","2001","96. Exports of goods and services (excluding factor income flows) - ESA code (P.6)","Euro Million","145553"
"Expenditure on Gross National Income at Constant Market Prices","2001","97. Imports of goods and services (excluding factor income flows) - ESA code (P.7)","Euro Million","-132418"
"Expenditure on Gross National Income at Constant Market Prices","2001","98. Statistical discrepancy","Euro Million",""
"Expenditure on Gross National Income at Constant Market Prices","2001","99. Gross domestic product at constant market prices - ESA code (B.1*g)","Euro Million","180277"
"Expenditure on Gross National Income at Constant Market Prices","2001","100. Net factor income from the rest of the world - ESA code (D.1 & D.4) (net to abroad)","Euro Million","-21964"
"Expenditure on Gross National Income at Constant Market Prices","2001","101. Gross national product at constant market prices","Euro Million","161598"
"Expenditure on Gross National Income at Constant Market Prices","2001","102. EU subsidies - ESA code (D.3)","Euro Million","2508"
"Expenditure on Gross National Income at Constant Market Prices","2001","103. EU taxes - ESA code (D.2)","Euro Million","-266"
"Expenditure on Gross National Income at Constant Market Prices","2001","104. Gross national income at constant market prices - ESA code (B.5*g)","Euro Million","163750"
"Expenditure on Gross National Income at Constant Market Prices","2001","104.1 Provision for depreciation - ESA code (P.51c)","Euro Million","-18027"
"Expenditure on Gross National Income at Constant Market Prices","2001","104.2 Net national income at constant market prices - ESA code (B.5*n)","Euro Million","151795"
"Expenditure on Gross National Income at Constant Market Prices","2002","92. Personal consumption of goods and services - ESA code (P.3)","Euro Million","88045"
"Expenditure on Gross National Income at Constant Market Prices","2002","92a Final consumption expenditure of Households and NPISHs","Euro Million","85523"
"Expenditure on Gross National Income at Constant Market Prices","2002","92b Final consumption expenditure of government","Euro Million","2748"
"Expenditure on Gross National Income at Constant Market Prices","2002","93. Net expenditure by central and local government on current goods and services - ESA code (P.3)","Euro Million","31470"
"Expenditure on Gross National Income at Constant Market Prices","2002","94. Gross domestic fixed capital formation - ESA code (P.51)","Euro Million","44289"
"Expenditure on Gross National Income at Constant Market Prices","2002","95. Value of physical changes in stocks and net acquisitions of valuables - ESA code (P.52 & P.53)","Euro Million","636"
"Expenditure on Gross National Income at Constant Market Prices","2002","95a Net additions to the breeding stocks","Euro Million",""
"Expenditure on Gross National Income at Constant Market Prices","2002","96. Exports of goods and services (excluding factor income flows) - ESA code (P.6)","Euro Million","154978"
"Expenditure on Gross National Income at Constant Market Prices","2002","97. Imports of goods and services (excluding factor income flows) - ESA code (P.7)","Euro Million","-139487"
"Expenditure on Gross National Income at Constant Market Prices","2002","98. Statistical discrepancy","Euro Million",""
"Expenditure on Gross National Income at Constant Market Prices","2002","99. Gross domestic product at constant market prices - ESA code (B.1*g)","Euro Million","190912"
"Expenditure on Gross National Income at Constant Market Prices","2002","100. Net factor income from the rest of the world - ESA code (D.1 & D.4) (net to abroad)","Euro Million","-27427"
"Expenditure on Gross National Income at Constant Market Prices","2002","101. Gross national product at constant market prices","Euro Million","165430"
"Expenditure on Gross National Income at Constant Market Prices","2002","102. EU subsidies - ESA code (D.3)","Euro Million","2972"
"Expenditure on Gross National Income at Constant Market Prices","2002","103. EU taxes - ESA code (D.2)","Euro Million","-204"
"Expenditure on Gross National Income at Constant Market Prices","2002","104. Gross national income at constant market prices - ESA code (B.5*g)","Euro Million","168089"
"Expenditure on Gross National Income at Constant Market Prices","2002","104.1 Provision for depreciation - ESA code (P.51c)","Euro Million","-19748"
"Expenditure on Gross National Income at Constant Market Prices","2002","104.2 Net national income at constant market prices - ESA code (B.5*n)","Euro Million","154164"
"Expenditure on Gross National Income at Constant Market Prices","2003","92. Personal consumption of goods and services - ESA code (P.3)","Euro Million","90537"
"Expenditure on Gross National Income at Constant Market Prices","2003","92a Final consumption expenditure of Households and NPISHs","Euro Million","87911"
"Expenditure on Gross National Income at Constant Market Prices","2003","92b Final consumption expenditure of government","Euro Million","2861"
"Expenditure on Gross National Income at Constant Market Prices","2003","93. Net expenditure by central and local government on current goods and services - ESA code (P.3)","Euro Million","32380"
"Expenditure on Gross National Income at Constant Market Prices","2003","94. Gross domestic fixed capital formation - ESA code (P.51)","Euro Million","47822"
"Expenditure on Gross National Income at Constant Market Prices","2003","95. Value of physical changes in stocks and net acquisitions of valuables - ESA code (P.52 & P.53)","Euro Million","1158"
"Expenditure on Gross National Income at Constant Market Prices","2003","95a Net additions to the breeding stocks","Euro Million",""
"Expenditure on Gross National Income at Constant Market Prices","2003","96. Exports of goods and services (excluding factor income flows) - ESA code (P.6)","Euro Million","152347"
"Expenditure on Gross National Income at Constant Market Prices","2003","97. Imports of goods and services (excluding factor income flows) - ESA code (P.7)","Euro Million","-136115"
"Expenditure on Gross National Income at Constant Market Prices","2003","98. Statistical discrepancy","Euro Million",""
"Expenditure on Gross National Income at Constant Market Prices","2003","99. Gross domestic product at constant market prices - ESA code (B.1*g)","Euro Million","196666"
"Expenditure on Gross National Income at Constant Market Prices","2003","100. Net factor income from the rest of the world - ESA code (D.1 & D.4) (net to abroad)","Euro Million","-26024"
"Expenditure on Gross National Income at Constant Market Prices","2003","101. Gross national product at constant market prices","Euro Million","173259"
"Expenditure on Gross National Income at Constant Market Prices","2003","102. EU subsidies - ESA code (D.3)","Euro Million","2783"
"Expenditure on Gross National Income at Constant Market Prices","2003","103. EU taxes - ESA code (D.2)","Euro Million","-198"
"Expenditure on Gross National Income at Constant Market Prices","2003","104. Gross national income at constant market prices - ESA code (B.5*g)","Euro Million","175749"
"Expenditure on Gross National Income at Constant Market Prices","2003","104.1 Provision for depreciation - ESA code (P.51c)","Euro Million","-21665"
"Expenditure on Gross National Income at Constant Market Prices","2003","104.2 Net national income at constant market prices - ESA code (B.5*n)","Euro Million","159912"
"Expenditure on Gross National Income at Constant Market Prices","2004","92. Personal consumption of goods and services - ESA code (P.3)","Euro Million","94158"
"Expenditure on Gross National Income at Constant Market Prices","2004","92a Final consumption expenditure of Households and NPISHs","Euro Million","91267"
"Expenditure on Gross National Income at Constant Market Prices","2004","92b Final consumption expenditure of government","Euro Million","3138"
"Expenditure on Gross National Income at Constant Market Prices","2004","93. Net expenditure by central and local government on current goods and services - ESA code (P.3)","Euro Million","32677"
"Expenditure on Gross National Income at Constant Market Prices","2004","94. Gross domestic fixed capital formation - ESA code (P.51)","Euro Million","52488"
"Expenditure on Gross National Income at Constant Market Prices","2004","95. Value of physical changes in stocks and net acquisitions of valuables - ESA code (P.52 & P.53)","Euro Million","410"
"Expenditure on Gross National Income at Constant Market Prices","2004","95a Net additions to the breeding stocks","Euro Million",""
"Expenditure on Gross National Income at Constant Market Prices","2004","96. Exports of goods and services (excluding factor income flows) - ESA code (P.6)","Euro Million","162281"
"Expenditure on Gross National Income at Constant Market Prices","2004","97. Imports of goods and services (excluding factor income flows) - ESA code (P.7)","Euro Million","-138707"
"Expenditure on Gross National Income at Constant Market Prices","2004","98. Statistical discrepancy","Euro Million",""
"Expenditure on Gross National Income at Constant Market Prices","2004","99. Gross domestic product at constant market prices - ESA code (B.1*g)","Euro Million","210015"
"Expenditure on Gross National Income at Constant Market Prices","2004","100. Net factor income from the rest of the world - ESA code (D.1 & D.4) (net to abroad)","Euro Million","-27367"
"Expenditure on Gross National Income at Constant Market Prices","2004","101. Gross national product at constant market prices","Euro Million","185515"
"Expenditure on Gross National Income at Constant Market Prices","2004","102. EU subsidies - ESA code (D.3)","Euro Million","2644"
"Expenditure on Gross National Income at Constant Market Prices","2004","103. EU taxes - ESA code (D.2)","Euro Million","-247"
"Expenditure on Gross National Income at Constant Market Prices","2004","104. Gross national income at constant market prices - ESA code (B.5*g)","Euro Million","187837"
"Expenditure on Gross National Income at Constant Market Prices","2004","104.1 Provision for depreciation - ESA code (P.51c)","Euro Million","-23292"
"Expenditure on Gross National Income at Constant Market Prices","2004","104.2 Net national income at constant market prices - ESA code (B.5*n)","Euro Million","170745"
"Expenditure on Gross National Income at Constant Market Prices","2005","92. Personal consumption of goods and services - ESA code (P.3)","Euro Million","100941"
"Expenditure on Gross National Income at Constant Market Prices","2005","92a Final consumption expenditure of Households and NPISHs","Euro Million","97677"
"Expenditure on Gross National Income at Constant Market Prices","2005","92b Final consumption expenditure of government","Euro Million","3530"
"Expenditure on Gross National Income at Constant Market Prices","2005","93. Net expenditure by central and local government on current goods and services - ESA code (P.3)","Euro Million","33843"
"Expenditure on Gross National Income at Constant Market Prices","2005","94. Gross domestic fixed capital formation - ESA code (P.51)","Euro Million","61326"
"Expenditure on Gross National Income at Constant Market Prices","2005","95. Value of physical changes in stocks and net acquisitions of valuables - ESA code (P.52 & P.53)","Euro Million","851"
"Expenditure on Gross National Income at Constant Market Prices","2005","95a Net additions to the breeding stocks","Euro Million",""
"Expenditure on Gross National Income at Constant Market Prices","2005","96. Exports of goods and services (excluding factor income flows) - ESA code (P.6)","Euro Million","171174"
"Expenditure on Gross National Income at Constant Market Prices","2005","97. Imports of goods and services (excluding factor income flows) - ESA code (P.7)","Euro Million","-156355"
"Expenditure on Gross National Income at Constant Market Prices","2005","98. Statistical discrepancy","Euro Million",""
"Expenditure on Gross National Income at Constant Market Prices","2005","99. Gross domestic product at constant market prices - ESA code (B.1*g)","Euro Million","222070"
"Expenditure on Gross National Income at Constant Market Prices","2005","100. Net factor income from the rest of the world - ESA code (D.1 & D.4) (net to abroad)","Euro Million","-29416"
"Expenditure on Gross National Income at Constant Market Prices","2005","101. Gross national product at constant market prices","Euro Million","195605"
"Expenditure on Gross National Income at Constant Market Prices","2005","102. EU subsidies - ESA code (D.3)","Euro Million","3221"
"Expenditure on Gross National Income at Constant Market Prices","2005","103. EU taxes - ESA code (D.2)","Euro Million","-312"
"Expenditure on Gross National Income at Constant Market Prices","2005","104. Gross national income at constant market prices - ESA code (B.5*g)","Euro Million","198407"
"Expenditure on Gross National Income at Constant Market Prices","2005","104.1 Provision for depreciation - ESA code (P.51c)","Euro Million","-26017"
"Expenditure on Gross National Income at Constant Market Prices","2005","104.2 Net national income at constant market prices - ESA code (B.5*n)","Euro Million","178572"
"Expenditure on Gross National Income at Constant Market Prices","2006","92. Personal consumption of goods and services - ESA code (P.3)","Euro Million","107477"
"Expenditure on Gross National Income at Constant Market Prices","2006","92a Final consumption expenditure of Households and NPISHs","Euro Million","103916"
"Expenditure on Gross National Income at Constant Market Prices","2006","92b Final consumption expenditure of government","Euro Million","3842"
"Expenditure on Gross National Income at Constant Market Prices","2006","93. Net expenditure by central and local government on current goods and services - ESA code (P.3)","Euro Million","35328"
"Expenditure on Gross National Income at Constant Market Prices","2006","94. Gross domestic fixed capital formation - ESA code (P.51)","Euro Million","65748"
"Expenditure on Gross National Income at Constant Market Prices","2006","95. Value of physical changes in stocks and net acquisitions of valuables - ESA code (P.52 & P.53)","Euro Million","1716"
"Expenditure on Gross National Income at Constant Market Prices","2006","95a Net additions to the breeding stocks","Euro Million",""
"Expenditure on Gross National Income at Constant Market Prices","2006","96. Exports of goods and services (excluding factor income flows) - ESA code (P.6)","Euro Million","181532"
"Expenditure on Gross National Income at Constant Market Prices","2006","97. Imports of goods and services (excluding factor income flows) - ESA code (P.7)","Euro Million","-170898"
"Expenditure on Gross National Income at Constant Market Prices","2006","98. Statistical discrepancy","Euro Million",""
"Expenditure on Gross National Income at Constant Market Prices","2006","99. Gross domestic product at constant market prices - ESA code (B.1*g)","Euro Million","233146"
"Expenditure on Gross National Income at Constant Market Prices","2006","100. Net factor income from the rest of the world - ESA code (D.1 & D.4) (net to abroad)","Euro Million","-29696"
"Expenditure on Gross National Income at Constant Market Prices","2006","101. Gross national product at constant market prices","Euro Million","206707"
"Expenditure on Gross National Income at Constant Market Prices","2006","102. EU subsidies - ESA code (D.3)","Euro Million","2440"
"Expenditure on Gross National Income at Constant Market Prices","2006","103. EU taxes - ESA code (D.2)","Euro Million","-331"
"Expenditure on Gross National Income at Constant Market Prices","2006","104. Gross national income at constant market prices - ESA code (B.5*g)","Euro Million","208767"
"Expenditure on Gross National Income at Constant Market Prices","2006","104.1 Provision for depreciation - ESA code (P.51c)","Euro Million","-28971"
"Expenditure on Gross National Income at Constant Market Prices","2006","104.2 Net national income at constant market prices - ESA code (B.5*n)","Euro Million","185893"
"Expenditure on Gross National Income at Constant Market Prices","2007","92. Personal consumption of goods and services - ESA code (P.3)","Euro Million","114822"
"Expenditure on Gross National Income at Constant Market Prices","2007","92a Final consumption expenditure of Households and NPISHs","Euro Million","110852"
"Expenditure on Gross National Income at Constant Market Prices","2007","92b Final consumption expenditure of government","Euro Million","4267"
"Expenditure on Gross National Income at Constant Market Prices","2007","93. Net expenditure by central and local government on current goods and services - ESA code (P.3)","Euro Million","37474"
"Expenditure on Gross National Income at Constant Market Prices","2007","94. Gross domestic fixed capital formation - ESA code (P.51)","Euro Million","65768"
"Expenditure on Gross National Income at Constant Market Prices","2007","95. Value of physical changes in stocks and net acquisitions of valuables - ESA code (P.52 & P.53)","Euro Million","1033"
"Expenditure on Gross National Income at Constant Market Prices","2007","95a Net additions to the breeding stocks","Euro Million",""
"Expenditure on Gross National Income at Constant Market Prices","2007","96. Exports of goods and services (excluding factor income flows) - ESA code (P.6)","Euro Million","197691"
"Expenditure on Gross National Income at Constant Market Prices","2007","97. Imports of goods and services (excluding factor income flows) - ESA code (P.7)","Euro Million","-186879"
"Expenditure on Gross National Income at Constant Market Prices","2007","98. Statistical discrepancy","Euro Million",""
"Expenditure on Gross National Income at Constant Market Prices","2007","99. Gross domestic product at constant market prices - ESA code (B.1*g)","Euro Million","245527"
"Expenditure on Gross National Income at Constant Market Prices","2007","100. Net factor income from the rest of the world - ESA code (D.1 & D.4) (net to abroad)","Euro Million","-34412"
"Expenditure on Gross National Income at Constant Market Prices","2007","101. Gross national product at constant market prices","Euro Million","214382"
"Expenditure on Gross National Income at Constant Market Prices","2007","102. EU subsidies - ESA code (D.3)","Euro Million","2236"
"Expenditure on Gross National Income at Constant Market Prices","2007","103. EU taxes - ESA code (D.2)","Euro Million","-334"
"Expenditure on Gross National Income at Constant Market Prices","2007","104. Gross national income at constant market prices - ESA code (B.5*g)","Euro Million","216250"
"Expenditure on Gross National Income at Constant Market Prices","2007","104.1 Provision for depreciation - ESA code (P.51c)","Euro Million","-29614"
"Expenditure on Gross National Income at Constant Market Prices","2007","104.2 Net national income at constant market prices - ESA code (B.5*n)","Euro Million","193056"
"Expenditure on Gross National Income at Constant Market Prices","2008","92. Personal consumption of goods and services - ESA code (P.3)","Euro Million","115322"
"Expenditure on Gross National Income at Constant Market Prices","2008","92a Final consumption expenditure of Households and NPISHs","Euro Million","111064"
"Expenditure on Gross National Income at Constant Market Prices","2008","92b Final consumption expenditure of government","Euro Million","4554"
"Expenditure on Gross National Income at Constant Market Prices","2008","93. Net expenditure by central and local government on current goods and services - ESA code (P.3)","Euro Million","37516"
"Expenditure on Gross National Income at Constant Market Prices","2008","94. Gross domestic fixed capital formation - ESA code (P.51)","Euro Million","58151"
"Expenditure on Gross National Income at Constant Market Prices","2008","95. Value of physical changes in stocks and net acquisitions of valuables - ESA code (P.52 & P.53)","Euro Million","-207"
"Expenditure on Gross National Income at Constant Market Prices","2008","95a Net additions to the breeding stocks","Euro Million",""
"Expenditure on Gross National Income at Constant Market Prices","2008","96. Exports of goods and services (excluding factor income flows) - ESA code (P.6)","Euro Million","190172"
"Expenditure on Gross National Income at Constant Market Prices","2008","97. Imports of goods and services (excluding factor income flows) - ESA code (P.7)","Euro Million","-181673"
"Expenditure on Gross National Income at Constant Market Prices","2008","98. Statistical discrepancy","Euro Million",""
"Expenditure on Gross National Income at Constant Market Prices","2008","99. Gross domestic product at constant market prices - ESA code (B.1*g)","Euro Million","234517"
"Expenditure on Gross National Income at Constant Market Prices","2008","100. Net factor income from the rest of the world - ESA code (D.1 & D.4) (net to abroad)","Euro Million","-31745"
"Expenditure on Gross National Income at Constant Market Prices","2008","101. Gross national product at constant market prices","Euro Million","205935"
"Expenditure on Gross National Income at Constant Market Prices","2008","102. EU subsidies - ESA code (D.3)","Euro Million","2234"
"Expenditure on Gross National Income at Constant Market Prices","2008","103. EU taxes - ESA code (D.2)","Euro Million","-291"
"Expenditure on Gross National Income at Constant Market Prices","2008","104. Gross national income at constant market prices - ESA code (B.5*g)","Euro Million","207846"
"Expenditure on Gross National Income at Constant Market Prices","2008","104.1 Provision for depreciation - ESA code (P.51c)","Euro Million","-28879"
"Expenditure on Gross National Income at Constant Market Prices","2008","104.2 Net national income at constant market prices - ESA code (B.5*n)","Euro Million","185035"
"Expenditure on Gross National Income at Constant Market Prices","2009","92. Personal consumption of goods and services - ESA code (P.3)","Euro Million","109649"
"Expenditure on Gross National Income at Constant Market Prices","2009","92a Final consumption expenditure of Households and NPISHs","Euro Million","105151"
"Expenditure on Gross National Income at Constant Market Prices","2009","92b Final consumption expenditure of government","Euro Million","4771"
"Expenditure on Gross National Income at Constant Market Prices","2009","93. Net expenditure by central and local government on current goods and services - ESA code (P.3)","Euro Million","36105"
"Expenditure on Gross National Income at Constant Market Prices","2009","94. Gross domestic fixed capital formation - ESA code (P.51)","Euro Million","48307"
"Expenditure on Gross National Income at Constant Market Prices","2009","95. Value of physical changes in stocks and net acquisitions of valuables - ESA code (P.52 & P.53)","Euro Million","-913"
"Expenditure on Gross National Income at Constant Market Prices","2009","95a Net additions to the breeding stocks","Euro Million",""
"Expenditure on Gross National Income at Constant Market Prices","2009","96. Exports of goods and services (excluding factor income flows) - ESA code (P.6)","Euro Million","199012"
"Expenditure on Gross National Income at Constant Market Prices","2009","97. Imports of goods and services (excluding factor income flows) - ESA code (P.7)","Euro Million","-178580"
"Expenditure on Gross National Income at Constant Market Prices","2009","98. Statistical discrepancy","Euro Million",""
"Expenditure on Gross National Income at Constant Market Prices","2009","99. Gross domestic product at constant market prices - ESA code (B.1*g)","Euro Million","222567"
"Expenditure on Gross National Income at Constant Market Prices","2009","100. Net factor income from the rest of the world - ESA code (D.1 & D.4) (net to abroad)","Euro Million","-36436"
"Expenditure on Gross National Income at Constant Market Prices","2009","101. Gross national product at constant market prices","Euro Million","188632"
"Expenditure on Gross National Income at Constant Market Prices","2009","102. EU subsidies - ESA code (D.3)","Euro Million","2257"
"Expenditure on Gross National Income at Constant Market Prices","2009","103. EU taxes - ESA code (D.2)","Euro Million","-258"
"Expenditure on Gross National Income at Constant Market Prices","2009","104. Gross national income at constant market prices - ESA code (B.5*g)","Euro Million","190609"
"Expenditure on Gross National Income at Constant Market Prices","2009","104.1 Provision for depreciation - ESA code (P.51c)","Euro Million","-28620"
"Expenditure on Gross National Income at Constant Market Prices","2009","104.2 Net national income at constant market prices - ESA code (B.5*n)","Euro Million","167078"
"Expenditure on Gross National Income at Constant Market Prices","2010","92. Personal consumption of goods and services - ESA code (P.3)","Euro Million","110525"
"Expenditure on Gross National Income at Constant Market Prices","2010","92a Final consumption expenditure of Households and NPISHs","Euro Million","105468"
"Expenditure on Gross National Income at Constant Market Prices","2010","92b Final consumption expenditure of government","Euro Million","5279"
"Expenditure on Gross National Income at Constant Market Prices","2010","93. Net expenditure by central and local government on current goods and services - ESA code (P.3)","Euro Million","33704"
"Expenditure on Gross National Income at Constant Market Prices","2010","94. Gross domestic fixed capital formation - ESA code (P.51)","Euro Million","41047"
"Expenditure on Gross National Income at Constant Market Prices","2010","95. Value of physical changes in stocks and net acquisitions of valuables - ESA code (P.52 & P.53)","Euro Million","-369"
"Expenditure on Gross National Income at Constant Market Prices","2010","95a Net additions to the breeding stocks","Euro Million",""
"Expenditure on Gross National Income at Constant Market Prices","2010","96. Exports of goods and services (excluding factor income flows) - ESA code (P.6)","Euro Million","210916"
"Expenditure on Gross National Income at Constant Market Prices","2010","97. Imports of goods and services (excluding factor income flows) - ESA code (P.7)","Euro Million","-179595"
"Expenditure on Gross National Income at Constant Market Prices","2010","98. Statistical discrepancy","Euro Million",""
"Expenditure on Gross National Income at Constant Market Prices","2010","99. Gross domestic product at constant market prices - ESA code (B.1*g)","Euro Million","226312"
"Expenditure on Gross National Income at Constant Market Prices","2010","100. Net factor income from the rest of the world - ESA code (D.1 & D.4) (net to abroad)","Euro Million","-33649"
"Expenditure on Gross National Income at Constant Market Prices","2010","101. Gross national product at constant market prices","Euro Million","195502"
"Expenditure on Gross National Income at Constant Market Prices","2010","102. EU subsidies - ESA code (D.3)","Euro Million","1970"
"Expenditure on Gross National Income at Constant Market Prices","2010","103. EU taxes - ESA code (D.2)","Euro Million","-285"
"Expenditure on Gross National Income at Constant Market Prices","2010","104. Gross national income at constant market prices - ESA code (B.5*g)","Euro Million","197153"
"Expenditure on Gross National Income at Constant Market Prices","2010","104.1 Provision for depreciation - ESA code (P.51c)","Euro Million","-29278"
"Expenditure on Gross National Income at Constant Market Prices","2010","104.2 Net national income at constant market prices - ESA code (B.5*n)","Euro Million","173207"
"Expenditure on Gross National Income at Constant Market Prices","2011","92. Personal consumption of goods and services - ESA code (P.3)","Euro Million","108893"
"Expenditure on Gross National Income at Constant Market Prices","2011","92a Final consumption expenditure of Households and NPISHs","Euro Million","103861"
"Expenditure on Gross National Income at Constant Market Prices","2011","92b Final consumption expenditure of government","Euro Million","5245"
"Expenditure on Gross National Income at Constant Market Prices","2011","93. Net expenditure by central and local government on current goods and services - ESA code (P.3)","Euro Million","34585"
"Expenditure on Gross National Income at Constant Market Prices","2011","94. Gross domestic fixed capital formation - ESA code (P.51)","Euro Million","41028"
"Expenditure on Gross National Income at Constant Market Prices","2011","95. Value of physical changes in stocks and net acquisitions of valuables - ESA code (P.52 & P.53)","Euro Million","684"
"Expenditure on Gross National Income at Constant Market Prices","2011","95a Net additions to the breeding stocks","Euro Million",""
"Expenditure on Gross National Income at Constant Market Prices","2011","96. Exports of goods and services (excluding factor income flows) - ESA code (P.6)","Euro Million","217473"
"Expenditure on Gross National Income at Constant Market Prices","2011","97. Imports of goods and services (excluding factor income flows) - ESA code (P.7)","Euro Million","-184340"
"Expenditure on Gross National Income at Constant Market Prices","2011","98. Statistical discrepancy","Euro Million",""
"Expenditure on Gross National Income at Constant Market Prices","2011","99. Gross domestic product at constant market prices - ESA code (B.1*g)","Euro Million","229953"
"Expenditure on Gross National Income at Constant Market Prices","2011","100. Net factor income from the rest of the world - ESA code (D.1 & D.4) (net to abroad)","Euro Million","-40401"
"Expenditure on Gross National Income at Constant Market Prices","2011","101. Gross national product at constant market prices","Euro Million","191408"
"Expenditure on Gross National Income at Constant Market Prices","2011","102. EU subsidies - ESA code (D.3)","Euro Million","2175"
"Expenditure on Gross National Income at Constant Market Prices","2011","103. EU taxes - ESA code (D.2)","Euro Million","-292"
"Expenditure on Gross National Income at Constant Market Prices","2011","104. Gross national income at constant market prices - ESA code (B.5*g)","Euro Million","193272"
"Expenditure on Gross National Income at Constant Market Prices","2011","104.1 Provision for depreciation - ESA code (P.51c)","Euro Million","-30218"
"Expenditure on Gross National Income at Constant Market Prices","2011","104.2 Net national income at constant market prices - ESA code (B.5*n)","Euro Million","167941"
"Expenditure on Gross National Income at Constant Market Prices","2012","92. Personal consumption of goods and services - ESA code (P.3)","Euro Million","108187"
"Expenditure on Gross National Income at Constant Market Prices","2012","92a Final consumption expenditure of Households and NPISHs","Euro Million","102761"
"Expenditure on Gross National Income at Constant Market Prices","2012","92b Final consumption expenditure of government","Euro Million","5590"
"Expenditure on Gross National Income at Constant Market Prices","2012","93. Net expenditure by central and local government on current goods and services - ESA code (P.3)","Euro Million","33279"
"Expenditure on Gross National Income at Constant Market Prices","2012","94. Gross domestic fixed capital formation - ESA code (P.51)","Euro Million","47717"
"Expenditure on Gross National Income at Constant Market Prices","2012","95. Value of physical changes in stocks and net acquisitions of valuables - ESA code (P.52 & P.53)","Euro Million","556"
"Expenditure on Gross National Income at Constant Market Prices","2012","95a Net additions to the breeding stocks","Euro Million",""
"Expenditure on Gross National Income at Constant Market Prices","2012","96. Exports of goods and services (excluding factor income flows) - ESA code (P.6)","Euro Million","215685"
"Expenditure on Gross National Income at Constant Market Prices","2012","97. Imports of goods and services (excluding factor income flows) - ESA code (P.7)","Euro Million","-182469"
"Expenditure on Gross National Income at Constant Market Prices","2012","98. Statistical discrepancy","Euro Million",""
"Expenditure on Gross National Income at Constant Market Prices","2012","99. Gross domestic product at constant market prices - ESA code (B.1*g)","Euro Million","229022"
"Expenditure on Gross National Income at Constant Market Prices","2012","100. Net factor income from the rest of the world - ESA code (D.1 & D.4) (net to abroad)","Euro Million","-40845"
"Expenditure on Gross National Income at Constant Market Prices","2012","101. Gross national product at constant market prices","Euro Million","189944"
"Expenditure on Gross National Income at Constant Market Prices","2012","102. EU subsidies - ESA code (D.3)","Euro Million","2053"
"Expenditure on Gross National Income at Constant Market Prices","2012","103. EU taxes - ESA code (D.2)","Euro Million","-289"
"Expenditure on Gross National Income at Constant Market Prices","2012","104. Gross national income at constant market prices - ESA code (B.5*g)","Euro Million","191681"
"Expenditure on Gross National Income at Constant Market Prices","2012","104.1 Provision for depreciation - ESA code (P.51c)","Euro Million","-31572"
"Expenditure on Gross National Income at Constant Market Prices","2012","104.2 Net national income at constant market prices - ESA code (B.5*n)","Euro Million","164727"
"Expenditure on Gross National Income at Constant Market Prices","2013","92. Personal consumption of goods and services - ESA code (P.3)","Euro Million","107697"
"Expenditure on Gross National Income at Constant Market Prices","2013","92a Final consumption expenditure of Households and NPISHs","Euro Million","102701"
"Expenditure on Gross National Income at Constant Market Prices","2013","92b Final consumption expenditure of government","Euro Million","5203"
"Expenditure on Gross National Income at Constant Market Prices","2013","93. Net expenditure by central and local government on current goods and services - ESA code (P.3)","Euro Million","32825"
"Expenditure on Gross National Income at Constant Market Prices","2013","94. Gross domestic fixed capital formation - ESA code (P.51)","Euro Million","45724"
"Expenditure on Gross National Income at Constant Market Prices","2013","95. Value of physical changes in stocks and net acquisitions of valuables - ESA code (P.52 & P.53)","Euro Million","131"
"Expenditure on Gross National Income at Constant Market Prices","2013","95a Net additions to the breeding stocks","Euro Million",""
"Expenditure on Gross National Income at Constant Market Prices","2013","96. Exports of goods and services (excluding factor income flows) - ESA code (P.6)","Euro Million","238477"
"Expenditure on Gross National Income at Constant Market Prices","2013","97. Imports of goods and services (excluding factor income flows) - ESA code (P.7)","Euro Million","-198073"
"Expenditure on Gross National Income at Constant Market Prices","2013","98. Statistical discrepancy","Euro Million",""
"Expenditure on Gross National Income at Constant Market Prices","2013","99. Gross domestic product at constant market prices - ESA code (B.1*g)","Euro Million","234044"
"Expenditure on Gross National Income at Constant Market Prices","2013","100. Net factor income from the rest of the world - ESA code (D.1 & D.4) (net to abroad)","Euro Million","-35433"
"Expenditure on Gross National Income at Constant Market Prices","2013","101. Gross national product at constant market prices","Euro Million","201351"
"Expenditure on Gross National Income at Constant Market Prices","2013","102. EU subsidies - ESA code (D.3)","Euro Million","1817"
"Expenditure on Gross National Income at Constant Market Prices","2013","103. EU taxes - ESA code (D.2)","Euro Million","-294"
"Expenditure on Gross National Income at Constant Market Prices","2013","104. Gross national income at constant market prices - ESA code (B.5*g)","Euro Million","202825"
"Expenditure on Gross National Income at Constant Market Prices","2013","104.1 Provision for depreciation - ESA code (P.51c)","Euro Million","-34436"
"Expenditure on Gross National Income at Constant Market Prices","2013","104.2 Net national income at constant market prices - ESA code (B.5*n)","Euro Million","173128"
"Expenditure on Gross National Income at Constant Market Prices","2014","92. Personal consumption of goods and services - ESA code (P.3)","Euro Million","110320"
"Expenditure on Gross National Income at Constant Market Prices","2014","92a Final consumption expenditure of Households and NPISHs","Euro Million","105263"
"Expenditure on Gross National Income at Constant Market Prices","2014","92b Final consumption expenditure of government","Euro Million","5276"
"Expenditure on Gross National Income at Constant Market Prices","2014","93. Net expenditure by central and local government on current goods and services - ESA code (P.3)","Euro Million","33861"
"Expenditure on Gross National Income at Constant Market Prices","2014","94. Gross domestic fixed capital formation - ESA code (P.51)","Euro Million","54471"
"Expenditure on Gross National Income at Constant Market Prices","2014","95. Value of physical changes in stocks and net acquisitions of valuables - ESA code (P.52 & P.53)","Euro Million","2862"
"Expenditure on Gross National Income at Constant Market Prices","2014","95a Net additions to the breeding stocks","Euro Million",""
"Expenditure on Gross National Income at Constant Market Prices","2014","96. Exports of goods and services (excluding factor income flows) - ESA code (P.6)","Euro Million","273041"
"Expenditure on Gross National Income at Constant Market Prices","2014","97. Imports of goods and services (excluding factor income flows) - ESA code (P.7)","Euro Million","-226567"
"Expenditure on Gross National Income at Constant Market Prices","2014","98. Statistical discrepancy","Euro Million",""
"Expenditure on Gross National Income at Constant Market Prices","2014","99. Gross domestic product at constant market prices - ESA code (B.1*g)","Euro Million","256011"
"Expenditure on Gross National Income at Constant Market Prices","2014","100. Net factor income from the rest of the world - ESA code (D.1 & D.4) (net to abroad)","Euro Million","-37982"
"Expenditure on Gross National Income at Constant Market Prices","2014","101. Gross national product at constant market prices","Euro Million","221116"
"Expenditure on Gross National Income at Constant Market Prices","2014","102. EU subsidies - ESA code (D.3)","Euro Million","1654"
"Expenditure on Gross National Income at Constant Market Prices","2014","103. EU taxes - ESA code (D.2)","Euro Million","-326"
"Expenditure on Gross National Income at Constant Market Prices","2014","104. Gross national income at constant market prices - ESA code (B.5*g)","Euro Million","222372"
"Expenditure on Gross National Income at Constant Market Prices","2014","104.1 Provision for depreciation - ESA code (P.51c)","Euro Million","-38127"
"Expenditure on Gross National Income at Constant Market Prices","2014","104.2 Net national income at constant market prices - ESA code (B.5*n)","Euro Million","189391"
"Expenditure on Gross National Income at Constant Market Prices","2015","92. Personal consumption of goods and services - ESA code (P.3)","Euro Million","113976"
"Expenditure on Gross National Income at Constant Market Prices","2015","92a Final consumption expenditure of Households and NPISHs","Euro Million","108616"
"Expenditure on Gross National Income at Constant Market Prices","2015","92b Final consumption expenditure of government","Euro Million","5571"
"Expenditure on Gross National Income at Constant Market Prices","2015","93. Net expenditure by central and local government on current goods and services - ESA code (P.3)","Euro Million","34641"
"Expenditure on Gross National Income at Constant Market Prices","2015","94. Gross domestic fixed capital formation - ESA code (P.51)","Euro Million","84752"
"Expenditure on Gross National Income at Constant Market Prices","2015","95. Value of physical changes in stocks and net acquisitions of valuables - ESA code (P.52 & P.53)","Euro Million","4141"
"Expenditure on Gross National Income at Constant Market Prices","2015","95a Net additions to the breeding stocks","Euro Million",""
"Expenditure on Gross National Income at Constant Market Prices","2015","96. Exports of goods and services (excluding factor income flows) - ESA code (P.6)","Euro Million","380692"
"Expenditure on Gross National Income at Constant Market Prices","2015","97. Imports of goods and services (excluding factor income flows) - ESA code (P.7)","Euro Million","-300649"
"Expenditure on Gross National Income at Constant Market Prices","2015","98. Statistical discrepancy","Euro Million",""
"Expenditure on Gross National Income at Constant Market Prices","2015","99. Gross domestic product at constant market prices - ESA code (B.1*g)","Euro Million","319052"
"Expenditure on Gross National Income at Constant Market Prices","2015","100. Net factor income from the rest of the world - ESA code (D.1 & D.4) (net to abroad)","Euro Million","-68246"
"Expenditure on Gross National Income at Constant Market Prices","2015","101. Gross national product at constant market prices","Euro Million","252193"
"Expenditure on Gross National Income at Constant Market Prices","2015","102. EU subsidies - ESA code (D.3)","Euro Million","1976"
"Expenditure on Gross National Income at Constant Market Prices","2015","103. EU taxes - ESA code (D.2)","Euro Million","-389"
"Expenditure on Gross National Income at Constant Market Prices","2015","104. Gross national income at constant market prices - ESA code (B.5*g)","Euro Million","253701"
"Expenditure on Gross National Income at Constant Market Prices","2015","104.1 Provision for depreciation - ESA code (P.51c)","Euro Million","-67399"
"Expenditure on Gross National Income at Constant Market Prices","2015","104.2 Net national income at constant market prices - ESA code (B.5*n)","Euro Million","188501"
"Expenditure on Gross National Income at Constant Market Prices","2016","92. Personal consumption of goods and services - ESA code (P.3)","Euro Million","118872"
"Expenditure on Gross National Income at Constant Market Prices","2016","92a Final consumption expenditure of Households and NPISHs","Euro Million","113269"
"Expenditure on Gross National Income at Constant Market Prices","2016","92b Final consumption expenditure of government","Euro Million","5822"
"Expenditure on Gross National Income at Constant Market Prices","2016","93. Net expenditure by central and local government on current goods and services - ESA code (P.3)","Euro Million","36181"
"Expenditure on Gross National Income at Constant Market Prices","2016","94. Gross domestic fixed capital formation - ESA code (P.51)","Euro Million","118582"
"Expenditure on Gross National Income at Constant Market Prices","2016","95. Value of physical changes in stocks and net acquisitions of valuables - ESA code (P.52 & P.53)","Euro Million","3557"
"Expenditure on Gross National Income at Constant Market Prices","2016","95a Net additions to the breeding stocks","Euro Million",""
"Expenditure on Gross National Income at Constant Market Prices","2016","96. Exports of goods and services (excluding factor income flows) - ESA code (P.6)","Euro Million","400892"
"Expenditure on Gross National Income at Constant Market Prices","2016","97. Imports of goods and services (excluding factor income flows) - ESA code (P.7)","Euro Million","-353233"
"Expenditure on Gross National Income at Constant Market Prices","2016","98. Statistical discrepancy","Euro Million",""
"Expenditure on Gross National Income at Constant Market Prices","2016","99. Gross domestic product at constant market prices - ESA code (B.1*g)","Euro Million","322953"
"Expenditure on Gross National Income at Constant Market Prices","2016","100. Net factor income from the rest of the world - ESA code (D.1 & D.4) (net to abroad)","Euro Million","-58698"
"Expenditure on Gross National Income at Constant Market Prices","2016","101. Gross national product at constant market prices","Euro Million","266586"
"Expenditure on Gross National Income at Constant Market Prices","2016","102. EU subsidies - ESA code (D.3)","Euro Million","1864"
"Expenditure on Gross National Income at Constant Market Prices","2016","103. EU taxes - ESA code (D.2)","Euro Million","-578"
"Expenditure on Gross National Income at Constant Market Prices","2016","104. Gross national income at constant market prices - ESA code (B.5*g)","Euro Million","267797"
"Expenditure on Gross National Income at Constant Market Prices","2016","104.1 Provision for depreciation - ESA code (P.51c)","Euro Million","-75955"
"Expenditure on Gross National Income at Constant Market Prices","2016","104.2 Net national income at constant market prices - ESA code (B.5*n)","Euro Million","193554"
"Expenditure on Gross National Income at Constant Market Prices","2017","92. Personal consumption of goods and services - ESA code (P.3)","Euro Million","123142"
"Expenditure on Gross National Income at Constant Market Prices","2017","92a Final consumption expenditure of Households and NPISHs","Euro Million","117131"
"Expenditure on Gross National Income at Constant Market Prices","2017","92b Final consumption expenditure of government","Euro Million","6216"
"Expenditure on Gross National Income at Constant Market Prices","2017","93. Net expenditure by central and local government on current goods and services - ESA code (P.3)","Euro Million","37546"
"Expenditure on Gross National Income at Constant Market Prices","2017","94. Gross domestic fixed capital formation - ESA code (P.51)","Euro Million","122998"
"Expenditure on Gross National Income at Constant Market Prices","2017","95. Value of physical changes in stocks and net acquisitions of valuables - ESA code (P.52 & P.53)","Euro Million","4160"
"Expenditure on Gross National Income at Constant Market Prices","2017","95a Net additions to the breeding stocks","Euro Million",""
"Expenditure on Gross National Income at Constant Market Prices","2017","96. Exports of goods and services (excluding factor income flows) - ESA code (P.6)","Euro Million","445062"
"Expenditure on Gross National Income at Constant Market Prices","2017","97. Imports of goods and services (excluding factor income flows) - ESA code (P.7)","Euro Million","-368107"
"Expenditure on Gross National Income at Constant Market Prices","2017","98. Statistical discrepancy","Euro Million",""
"Expenditure on Gross National Income at Constant Market Prices","2017","99. Gross domestic product at constant market prices - ESA code (B.1*g)","Euro Million","355599"
"Expenditure on Gross National Income at Constant Market Prices","2017","100. Net factor income from the rest of the world - ESA code (D.1 & D.4) (net to abroad)","Euro Million","-75729"
"Expenditure on Gross National Income at Constant Market Prices","2017","101. Gross national product at constant market prices","Euro Million","281785"
"Expenditure on Gross National Income at Constant Market Prices","2017","102. EU subsidies - ESA code (D.3)","Euro Million","1892"
"Expenditure on Gross National Income at Constant Market Prices","2017","103. EU taxes - ESA code (D.2)","Euro Million","-513"
"Expenditure on Gross National Income at Constant Market Prices","2017","104. Gross national income at constant market prices - ESA code (B.5*g)","Euro Million","283089"
"Expenditure on Gross National Income at Constant Market Prices","2017","104.1 Provision for depreciation - ESA code (P.51c)","Euro Million","-84085"
"Expenditure on Gross National Income at Constant Market Prices","2017","104.2 Net national income at constant market prices - ESA code (B.5*n)","Euro Million","200290"
"Expenditure on Gross National Income at Constant Market Prices","2018","92. Personal consumption of goods and services - ESA code (P.3)","Euro Million","130287"
"Expenditure on Gross National Income at Constant Market Prices","2018","92a Final consumption expenditure of Households and NPISHs","Euro Million","123547"
"Expenditure on Gross National Income at Constant Market Prices","2018","92b Final consumption expenditure of government","Euro Million","6914"
"Expenditure on Gross National Income at Constant Market Prices","2018","93. Net expenditure by central and local government on current goods and services - ESA code (P.3)","Euro Million","39269"
"Expenditure on Gross National Income at Constant Market Prices","2018","94. Gross domestic fixed capital formation - ESA code (P.51)","Euro Million","111822"
"Expenditure on Gross National Income at Constant Market Prices","2018","95. Value of physical changes in stocks and net acquisitions of valuables - ESA code (P.52 & P.53)","Euro Million","830"
"Expenditure on Gross National Income at Constant Market Prices","2018","95a Net additions to the breeding stocks","Euro Million",""
"Expenditure on Gross National Income at Constant Market Prices","2018","96. Exports of goods and services (excluding factor income flows) - ESA code (P.6)","Euro Million","466623"
"Expenditure on Gross National Income at Constant Market Prices","2018","97. Imports of goods and services (excluding factor income flows) - ESA code (P.7)","Euro Million","-360606"
"Expenditure on Gross National Income at Constant Market Prices","2018","98. Statistical discrepancy","Euro Million",""
"Expenditure on Gross National Income at Constant Market Prices","2018","99. Gross domestic product at constant market prices - ESA code (B.1*g)","Euro Million","382940"
"Expenditure on Gross National Income at Constant Market Prices","2018","100. Net factor income from the rest of the world - ESA code (D.1 & D.4) (net to abroad)","Euro Million","-90535"
"Expenditure on Gross National Income at Constant Market Prices","2018","101. Gross national product at constant market prices","Euro Million","294075"
"Expenditure on Gross National Income at Constant Market Prices","2018","102. EU subsidies - ESA code (D.3)","Euro Million","1538"
"Expenditure on Gross National Income at Constant Market Prices","2018","103. EU taxes - ESA code (D.2)","Euro Million","-510"
"Expenditure on Gross National Income at Constant Market Prices","2018","104. Gross national income at constant market prices - ESA code (B.5*g)","Euro Million","295055"
"Expenditure on Gross National Income at Constant Market Prices","2018","104.1 Provision for depreciation - ESA code (P.51c)","Euro Million","-90782"
"Expenditure on Gross National Income at Constant Market Prices","2018","104.2 Net national income at constant market prices - ESA code (B.5*n)","Euro Million","205185"
"Expenditure on Gross National Income at Constant Market Prices","2019","92. Personal consumption of goods and services - ESA code (P.3)","Euro Million","134038"
"Expenditure on Gross National Income at Constant Market Prices","2019","92a Final consumption expenditure of Households and NPISHs","Euro Million","126949"
"Expenditure on Gross National Income at Constant Market Prices","2019","92b Final consumption expenditure of government","Euro Million","7251"
"Expenditure on Gross National Income at Constant Market Prices","2019","93. Net expenditure by central and local government on current goods and services - ESA code (P.3)","Euro Million","41566"
"Expenditure on Gross National Income at Constant Market Prices","2019","94. Gross domestic fixed capital formation - ESA code (P.51)","Euro Million","223286"
"Expenditure on Gross National Income at Constant Market Prices","2019","95. Value of physical changes in stocks and net acquisitions of valuables - ESA code (P.52 & P.53)","Euro Million","1668"
"Expenditure on Gross National Income at Constant Market Prices","2019","95a Net additions to the breeding stocks","Euro Million",""
"Expenditure on Gross National Income at Constant Market Prices","2019","96. Exports of goods and services (excluding factor income flows) - ESA code (P.6)","Euro Million","518072"
"Expenditure on Gross National Income at Constant Market Prices","2019","97. Imports of goods and services (excluding factor income flows) - ESA code (P.7)","Euro Million","-506170"
"Expenditure on Gross National Income at Constant Market Prices","2019","98. Statistical discrepancy","Euro Million",""
"Expenditure on Gross National Income at Constant Market Prices","2019","99. Gross domestic product at constant market prices - ESA code (B.1*g)","Euro Million","401983"
"Expenditure on Gross National Income at Constant Market Prices","2019","100. Net factor income from the rest of the world - ESA code (D.1 & D.4) (net to abroad)","Euro Million","-97684"
"Expenditure on Gross National Income at Constant Market Prices","2019","101. Gross national product at constant market prices","Euro Million","305914"
"Expenditure on Gross National Income at Constant Market Prices","2019","102. EU subsidies - ESA code (D.3)","Euro Million","1546"
"Expenditure on Gross National Income at Constant Market Prices","2019","103. EU taxes - ESA code (D.2)","Euro Million","-533"
"Expenditure on Gross National Income at Constant Market Prices","2019","104. Gross national income at constant market prices - ESA code (B.5*g)","Euro Million","306881"
"Expenditure on Gross National Income at Constant Market Prices","2019","104.1 Provision for depreciation - ESA code (P.51c)","Euro Million","-98412"
"Expenditure on Gross National Income at Constant Market Prices","2019","104.2 Net national income at constant market prices - ESA code (B.5*n)","Euro Million","208896"
"Expenditure on Gross National Income at Constant Market Prices","2020","92. Personal consumption of goods and services - ESA code (P.3)","Euro Million","121518"
"Expenditure on Gross National Income at Constant Market Prices","2020","92a Final consumption expenditure of Households and NPISHs","Euro Million","114014"
"Expenditure on Gross National Income at Constant Market Prices","2020","92b Final consumption expenditure of government","Euro Million","7534"
"Expenditure on Gross National Income at Constant Market Prices","2020","93. Net expenditure by central and local government on current goods and services - ESA code (P.3)","Euro Million","46365"
"Expenditure on Gross National Income at Constant Market Prices","2020","94. Gross domestic fixed capital formation - ESA code (P.51)","Euro Million","186513"
"Expenditure on Gross National Income at Constant Market Prices","2020","95. Value of physical changes in stocks and net acquisitions of valuables - ESA code (P.52 & P.53)","Euro Million","4742"
"Expenditure on Gross National Income at Constant Market Prices","2020","95a Net additions to the breeding stocks","Euro Million",""
"Expenditure on Gross National Income at Constant Market Prices","2020","96. Exports of goods and services (excluding factor income flows) - ESA code (P.6)","Euro Million","588306"
"Expenditure on Gross National Income at Constant Market Prices","2020","97. Imports of goods and services (excluding factor income flows) - ESA code (P.7)","Euro Million","-507130"
"Expenditure on Gross National Income at Constant Market Prices","2020","98. Statistical discrepancy","Euro Million",""
"Expenditure on Gross National Income at Constant Market Prices","2020","99. Gross domestic product at constant market prices - ESA code (B.1*g)","Euro Million","430740"
"Expenditure on Gross National Income at Constant Market Prices","2020","100. Net factor income from the rest of the world - ESA code (D.1 & D.4) (net to abroad)","Euro Million","-114225"
"Expenditure on Gross National Income at Constant Market Prices","2020","101. Gross national product at constant market prices","Euro Million","317898"
"Expenditure on Gross National Income at Constant Market Prices","2020","102. EU subsidies - ESA code (D.3)","Euro Million","1486"
"Expenditure on Gross National Income at Constant Market Prices","2020","103. EU taxes - ESA code (D.2)","Euro Million","-480"
"Expenditure on Gross National Income at Constant Market Prices","2020","104. Gross national income at constant market prices - ESA code (B.5*g)","Euro Million","318865"
"Expenditure on Gross National Income at Constant Market Prices","2020","104.1 Provision for depreciation - ESA code (P.51c)","Euro Million","-116434"
"Expenditure on Gross National Income at Constant Market Prices","2020","104.2 Net national income at constant market prices - ESA code (B.5*n)","Euro Million","201931"
"Expenditure on Gross National Income at Constant Market Prices","2021","92. Personal consumption of goods and services - ESA code (P.3)","Euro Million","132360"
"Expenditure on Gross National Income at Constant Market Prices","2021","92a Final consumption expenditure of Households and NPISHs","Euro Million","124243"
"Expenditure on Gross National Income at Constant Market Prices","2021","92b Final consumption expenditure of government","Euro Million","8156"
"Expenditure on Gross National Income at Constant Market Prices","2021","93. Net expenditure by central and local government on current goods and services - ESA code (P.3)","Euro Million","49439"
"Expenditure on Gross National Income at Constant Market Prices","2021","94. Gross domestic fixed capital formation - ESA code (P.51)","Euro Million","112093"
"Expenditure on Gross National Income at Constant Market Prices","2021","95. Value of physical changes in stocks and net acquisitions of valuables - ESA code (P.52 & P.53)","Euro Million","4519"
"Expenditure on Gross National Income at Constant Market Prices","2021","95a Net additions to the breeding stocks","Euro Million",""
"Expenditure on Gross National Income at Constant Market Prices","2021","96. Exports of goods and services (excluding factor income flows) - ESA code (P.6)","Euro Million","665618"
"Expenditure on Gross National Income at Constant Market Prices","2021","97. Imports of goods and services (excluding factor income flows) - ESA code (P.7)","Euro Million","-460398"
"Expenditure on Gross National Income at Constant Market Prices","2021","98. Statistical discrepancy","Euro Million",""
"Expenditure on Gross National Income at Constant Market Prices","2021","99. Gross domestic product at constant market prices - ESA code (B.1*g)","Euro Million","500771"
"Expenditure on Gross National Income at Constant Market Prices","2021","100. Net factor income from the rest of the world - ESA code (D.1 & D.4) (net to abroad)","Euro Million","-140492"
"Expenditure on Gross National Income at Constant Market Prices","2021","101. Gross national product at constant market prices","Euro Million","361583"
"Expenditure on Gross National Income at Constant Market Prices","2021","102. EU subsidies - ESA code (D.3)","Euro Million","1406"
"Expenditure on Gross National Income at Constant Market Prices","2021","103. EU taxes - ESA code (D.2)","Euro Million","-840"
"Expenditure on Gross National Income at Constant Market Prices","2021","104. Gross national income at constant market prices - ESA code (B.5*g)","Euro Million","362133"
"Expenditure on Gross National Income at Constant Market Prices","2021","104.1 Provision for depreciation - ESA code (P.51c)","Euro Million","-121641"
"Expenditure on Gross National Income at Constant Market Prices","2021","104.2 Net national income at constant market prices - ESA code (B.5*n)","Euro Million","240638"
"Expenditure on Gross National Income at Constant Market Prices","2022","92. Personal consumption of goods and services - ESA code (P.3)","Euro Million","146605"
"Expenditure on Gross National Income at Constant Market Prices","2022","92a Final consumption expenditure of Households and NPISHs","Euro Million","137669"
"Expenditure on Gross National Income at Constant Market Prices","2022","92b Final consumption expenditure of government","Euro Million","8987"
"Expenditure on Gross National Income at Constant Market Prices","2022","93. Net expenditure by central and local government on current goods and services - ESA code (P.3)","Euro Million","50683"
"Expenditure on Gross National Income at Constant Market Prices","2022","94. Gross domestic fixed capital formation - ESA code (P.51)","Euro Million","115202"
"Expenditure on Gross National Income at Constant Market Prices","2022","95. Value of physical changes in stocks and net acquisitions of valuables - ESA code (P.52 & P.53)","Euro Million","8895"
"Expenditure on Gross National Income at Constant Market Prices","2022","95a Net additions to the breeding stocks","Euro Million",""
"Expenditure on Gross National Income at Constant Market Prices","2022","96. Exports of goods and services (excluding factor income flows) - ESA code (P.6)","Euro Million","745664"
"Expenditure on Gross National Income at Constant Market Prices","2022","97. Imports of goods and services (excluding factor income flows) - ESA code (P.7)","Euro Million","-529319"
"Expenditure on Gross National Income at Constant Market Prices","2022","98. Statistical discrepancy","Euro Million",""
"Expenditure on Gross National Income at Constant Market Prices","2022","99. Gross domestic product at constant market prices - ESA code (B.1*g)","Euro Million","538384"
"Expenditure on Gross National Income at Constant Market Prices","2022","100. Net factor income from the rest of the world - ESA code (D.1 & D.4) (net to abroad)","Euro Million","-172776"
"Expenditure on Gross National Income at Constant Market Prices","2022","101. Gross national product at constant market prices","Euro Million","366169"
"Expenditure on Gross National Income at Constant Market Prices","2022","102. EU subsidies - ESA code (D.3)","Euro Million","1291"
"Expenditure on Gross National Income at Constant Market Prices","2022","103. EU taxes - ESA code (D.2)","Euro Million","-931"
"Expenditure on Gross National Income at Constant Market Prices","2022","104. Gross national income at constant market prices - ESA code (B.5*g)","Euro Million","366522"
"Expenditure on Gross National Income at Constant Market Prices","2022","104.1 Provision for depreciation - ESA code (P.51c)","Euro Million","-125505"
"Expenditure on Gross National Income at Constant Market Prices","2022","104.2 Net national income at constant market prices - ESA code (B.5*n)","Euro Million","241019"
"Expenditure on Gross National Income at Constant Market Prices","2023","92. Personal consumption of goods and services - ESA code (P.3)","Euro Million","153926"
"Expenditure on Gross National Income at Constant Market Prices","2023","92a Final consumption expenditure of Households and NPISHs","Euro Million","143697"
"Expenditure on Gross National Income at Constant Market Prices","2023","92b Final consumption expenditure of government","Euro Million","10229"
"Expenditure on Gross National Income at Constant Market Prices","2023","93. Net expenditure by central and local government on current goods and services - ESA code (P.3)","Euro Million","53217"
"Expenditure on Gross National Income at Constant Market Prices","2023","94. Gross domestic fixed capital formation - ESA code (P.51)","Euro Million","130596"
"Expenditure on Gross National Income at Constant Market Prices","2023","95. Value of physical changes in stocks and net acquisitions of valuables - ESA code (P.52 & P.53)","Euro Million","9288"
"Expenditure on Gross National Income at Constant Market Prices","2023","95a Net additions to the breeding stocks","Euro Million",""
"Expenditure on Gross National Income at Constant Market Prices","2023","96. Exports of goods and services (excluding factor income flows) - ESA code (P.6)","Euro Million","716393"
"Expenditure on Gross National Income at Constant Market Prices","2023","97. Imports of goods and services (excluding factor income flows) - ESA code (P.7)","Euro Million","-541118"
"Expenditure on Gross National Income at Constant Market Prices","2023","98. Statistical discrepancy","Euro Million","2426"
"Expenditure on Gross National Income at Constant Market Prices","2023","99. Gross domestic product at constant market prices - ESA code (B.1*g)","Euro Million","524729"
"Expenditure on Gross National Income at Constant Market Prices","2023","100. Net factor income from the rest of the world - ESA code (D.1 & D.4) (net to abroad)","Euro Million","-133977"
"Expenditure on Gross National Income at Constant Market Prices","2023","101. Gross national product at constant market prices","Euro Million","390752"
"Expenditure on Gross National Income at Constant Market Prices","2023","102. EU subsidies - ESA code (D.3)","Euro Million","1128"
"Expenditure on Gross National Income at Constant Market Prices","2023","103. EU taxes - ESA code (D.2)","Euro Million","-884"
"Expenditure on Gross National Income at Constant Market Prices","2023","104. Gross national income at constant market prices - ESA code (B.5*g)","Euro Million","390996"
"Expenditure on Gross National Income at Constant Market Prices","2023","104.1 Provision for depreciation - ESA code (P.51c)","Euro Million","-129109"
"Expenditure on Gross National Income at Constant Market Prices","2023","104.2 Net national income at constant market prices - ESA code (B.5*n)","Euro Million","261886"
"Expenditure on Gross National Income at Constant Market Prices","2024","92. Personal consumption of goods and services - ESA code (P.3)","Euro Million","158459"
"Expenditure on Gross National Income at Constant Market Prices","2024","92a Final consumption expenditure of Households and NPISHs","Euro Million","147997"
"Expenditure on Gross National Income at Constant Market Prices","2024","92b Final consumption expenditure of government","Euro Million","10463"
"Expenditure on Gross National Income at Constant Market Prices","2024","93. Net expenditure by central and local government on current goods and services - ESA code (P.3)","Euro Million","56048"
"Expenditure on Gross National Income at Constant Market Prices","2024","94. Gross domestic fixed capital formation - ESA code (P.51)","Euro Million","93421"
"Expenditure on Gross National Income at Constant Market Prices","2024","95. Value of physical changes in stocks and net acquisitions of valuables - ESA code (P.52 & P.53)","Euro Million","5257"
"Expenditure on Gross National Income at Constant Market Prices","2024","95a Net additions to the breeding stocks","Euro Million",""
"Expenditure on Gross National Income at Constant Market Prices","2024","96. Exports of goods and services (excluding factor income flows) - ESA code (P.6)","Euro Million","777771"
"Expenditure on Gross National Income at Constant Market Prices","2024","97. Imports of goods and services (excluding factor income flows) - ESA code (P.7)","Euro Million","-555653"
"Expenditure on Gross National Income at Constant Market Prices","2024","98. Statistical discrepancy","Euro Million","3065"
"Expenditure on Gross National Income at Constant Market Prices","2024","99. Gross domestic product at constant market prices - ESA code (B.1*g)","Euro Million","538369"
"Expenditure on Gross National Income at Constant Market Prices","2024","100. Net factor income from the rest of the world - ESA code (D.1 & D.4) (net to abroad)","Euro Million","-134707"
"Expenditure on Gross National Income at Constant Market Prices","2024","101. Gross national product at constant market prices","Euro Million","403662"
"Expenditure on Gross National Income at Constant Market Prices","2024","102. EU subsidies - ESA code (D.3)","Euro Million","1202"
"Expenditure on Gross National Income at Constant Market Prices","2024","103. EU taxes - ESA code (D.2)","Euro Million","-576"
"Expenditure on Gross National Income at Constant Market Prices","2024","104. Gross national income at constant market prices - ESA code (B.5*g)","Euro Million","404288"
"Expenditure on Gross National Income at Constant Market Prices","2024","104.1 Provision for depreciation - ESA code (P.51c)","Euro Million","-130727"
"Expenditure on Gross National Income at Constant Market Prices","2024","104.2 Net national income at constant market prices - ESA code (B.5*n)","Euro Million","273561"
